[
  {
    "uri": "features/specs/numclick/realizar_venda.feature",
    "id": "realizar-venda",
    "keyword": "Funcionalidade",
    "name": "Realizar Venda",
    "description": "Eu como usuário do sistema\nQuero entrar no sistema de vendas do NumClick\nPara efetuar a venda dos produtos",
    "line": 4,
    "tags": [
      {
        "name": "@regressao",
        "line": 3
      }
    ],
    "elements": [
      {
        "keyword": "Contexto",
        "name": "Logar na pagina da aplicação NumClick",
        "description": "",
        "line": 9,
        "type": "background",
        "before": [
          {
            "match": {
              "location": "capybara-3.14.0/lib/capybara/cucumber.rb:14"
            },
            "result": {
              "status": "passed",
              "duration": 27769
            }
          },
          {
            "match": {
              "location": "capybara-3.14.0/lib/capybara/cucumber.rb:22"
            },
            "result": {
              "status": "passed",
              "duration": 34411
            }
          }
        ],
        "steps": [
          {
            "keyword": "Dado ",
            "name": "que o usuário esteja logado no numclick",
            "line": 10,
            "match": {
              "location": "features/steps_definition/numclick/login_steps.rb:17"
            },
            "result": {
              "status": "passed",
              "duration": 16458835014
            }
          }
        ]
      },
      {
        "id": "realizar-venda;realizar-venda-de-inclusão_ativo;;2",
        "keyword": "Esquema do Cenário",
        "name": "Realizar venda de inclusão_ativo",
        "description": "",
        "line": 45,
        "type": "scenario",
        "tags": [
          {
            "name": "@regressao",
            "line": 3
          },
          {
            "name": "@inclusao_ativo",
            "line": 31
          }
        ],
        "steps": [
          {
            "keyword": "E ",
            "name": "tenha um usuário para efetuar pedido",
            "line": 33,
            "rows": [
              {
                "cells": [
                  "cpf",
                  "\"40696985829\""
                ]
              },
              {
                "cells": [
                  "identificador",
                  "$CSV_ATIVO[0][0]"
                ]
              }
            ],
            "output": [
              "40696985829",
              "07159945667",
              "KVC2031"
            ],
            "match": {
              "location": "features/steps_definition/numclick/realizar_venda_steps.rb:1"
            },
            "result": {
              "status": "passed",
              "duration": 6226646713
            }
          },
          {
            "keyword": "Quando ",
            "name": "inserir os dados do cliente",
            "line": 36,
            "match": {
              "location": "features/steps_definition/numclick/realizar_venda_steps.rb:13"
            },
            "result": {
              "status": "passed",
              "duration": 3591312151
            }
          },
          {
            "keyword": "E ",
            "name": "o tipo de veiculo \"passeio\" com a \"TRIO\" conforme o \"cartao_credito_pre\"",
            "line": 37,
            "match": {
              "location": "features/steps_definition/numclick/realizar_venda_steps.rb:34"
            },
            "result": {
              "status": "failed",
              "error_message": "element click intercepted: Element <ion-radio _ngcontent-c5=\"\" id=\"radio-tipo-passeio\" name=\"radio-tipo-passeio\" value=\"1\" role=\"radio\" aria-checked=\"false\" aria-labelledby=\"ion-rb-0-lbl\" class=\"in-item interactive hydrated\"></ion-radio> is not clickable at point (346, 334). Other element would receive the click: <ion-backdrop class=\"sc-ion-loading-md backdrop-no-tappable hydrated\" tabindex=\"-1\" style=\"opacity: 0.32; will-change: opacity; transition-duration: 200ms; transition-timing-function: ease-in-out;\"></ion-backdrop>\n  (Session info: chrome=74.0.3729.131)\n  (Driver info: chromedriver=74.0.3729.6 (255758eccf3d244491b8a1317aa76e1ce10d57e9-refs/branch-heads/3729@{#29}),platform=Windows NT 6.1.7601 SP1 x86_64) (Selenium::WebDriver::Error::WebDriverError)\n./features/pages/numclick/sections_numclick.rb:131:in `preecher_veiculo_passeio'\n./features/steps_definition/numclick/realizar_venda_steps.rb:35:in `\"o tipo de veiculo {string} com a {string} conforme o {string}\"'\nfeatures/specs/numclick/realizar_venda.feature:45:in `E o tipo de veiculo \"passeio\" com a \"TRIO\" conforme o \"cartao_credito_pre\"'\nfeatures/specs/numclick/realizar_venda.feature:37:in `E o tipo de veiculo \"<veiculo>\" com a \"<oferta>\" conforme o \"<tipo_pagamento>\"'",
              "duration": 837449656
            }
          },
          {
            "keyword": "E ",
            "name": "tipo de entrega \"nesta_loja\"",
            "line": 38,
            "match": {
              "location": "features/steps_definition/numclick/realizar_venda_steps.rb:43"
            },
            "result": {
              "status": "skipped"
            }
          },
          {
            "keyword": "Então ",
            "name": "valido o pedido na tela de resumo e envio para analise",
            "line": 39,
            "match": {
              "location": "features/steps_definition/numclick/realizar_venda_steps.rb:58"
            },
            "result": {
              "status": "skipped"
            }
          },
          {
            "keyword": "E ",
            "name": "valido a atribuição do pedido",
            "line": 40,
            "match": {
              "location": "features/steps_definition/numclick/realizar_venda_steps.rb:70"
            },
            "result": {
              "status": "skipped"
            }
          },
          {
            "keyword": "E ",
            "name": "valido o pedido no cbill",
            "line": 41,
            "match": {
              "location": "features/steps_definition/numclick/realizar_venda_steps.rb:85"
            },
            "result": {
              "status": "skipped"
            }
          }
        ],
        "after": [
          {
            "match": {
              "location": "features/support/hooks.rb:8"
            },
            "result": {
              "status": "passed",
              "duration": 9887263
            }
          },
          {
            "match": {
              "location": "features/support/hooks.rb:3"
            },
            "result": {
              "status": "passed",
              "duration": 1473015129
            }
          },
          {
            "match": {
              "location": "capybara-3.14.0/lib/capybara/cucumber.rb:10"
            },
            "result": {
              "status": "passed",
              "duration": 821476576
            }
          }
        ]
      }
    ]
  }
]